Workbook

Sheet ÖN KAPAK
E3: x BELEDİYESİ
A4: HAKEDİŞ RAPORU
D6: Tarihi | F6: : | G6: 46188
D7: No.su | F7: : | G7: 1
D8: Uygulama Yılı | F8: : | G8: 2026
A10: Yapılan İşin / Hizmetin Adı | F10: : | G10: 10 adet işyerinin Tesviye Beton Atımı 2
A12: Yapılan İşin / Hizmetin Etüt / Proje No.su | F12: :
A13: Yüklenicinin Adı / Ticari Unvanı | F13: : | G13: Hazır Beton Çimento Mak.San.ve Tic.Ltd.Şti.
A14: Sözleşme Bedeli | F14: : | G14: 145000
A15: İş azalışı | F15: :
A16: İş artışı Sözleşme Bedeli | F16: :
A17: Toplam Bedel | F17: : | G17: 145000
A18: İhale Tarihi | F18: : | G18: 46181
A19: Sözleşme Tarihi ve No.su | F19: : | I19: No :
A20: Sözleşmenin Sayıştayca Tescil Tar., No.su | F20: : | G20: ..../..../.... ........................... sayı
A21: Tescilin Yükleniciye Tebliğ Tarihi | F21: :
A22: İşyeri Teslim Tarihi | F22: : | G22: 46182
A23: Sözleşmeye Göre İşin Süresi | F23: :
A24: Sözleşmeye Göre İş Bitim Tarihi | F24: :
A25: Verilen Avanslar Toplamı | F25: :
A26: Mahsubu Yapılan Avansın Toplam Tutarı | F26: :
A33: Sözleşme Bedeli | D33: Sözleşme Artış Onayının Tarih / No.su | H33: Ek Sözleşme Bedeli | K33: Toplam Sözleşme Bedeli
A34: ……………………. | D34: ……………………. | H34: ……………………. | K34: …………………….
A35: ……………………. | D35: ……………………. | H35: ……………………. | K35: …………………….
A36: ……………………. | D36: ……………………. | H36: ……………………. | K36: …………………….
A37: ……………………. | D37: ……………………. | H37: ……………………. | K37: …………………….
A38: ……………………. | D38: ……………………. | H38: ……………………. | K38: …………………….
A39: ……………………. | D39: ……………………. | H39: ……………………. | K39: …………………….
A41: Süre Uzatım Kararlarının Tarihi
D42: Sayısı | H42: Verilen Süre | K42: İş Bitim Tarihi
A43: ……………………. | D43: ……………………. | H43: ……………………. | K43: …………………….
A44: ……………………. | D44: ……………………. | H44: ……………………. | K44: …………………….
A45: ……………………. | D45: ……………………. | H45: ……………………. | K45: …………………….
A46: ……………………. | D46: ……………………. | H46: ……………………. | K46: …………………….
A47: ……………………. | D47: ……………………. | H47: ……………………. | K47: …………………….
A48: ……………………. | D48: ……………………. | H48: ……………………. | K48: …………………….

Sheet İCMAL
A1: HAKEDİŞ İCMALİ
E3: Sayfa No: 1
E4: Hakediş No: 1
A5: ='ÖN KAPAK'!G10 -> 10 adet işyerinin Tesviye Beton Atımı 2
A7: Sıra No: | B7: İşin Cinsi | C7: İş Tutarı (a) | D7: Fiyat Farkı Tutarı (b) | E7: Toplam (a+b)
A8: 1 | B8: İnşaat İmalatları | E8: ='ÖN KAPAK'!G14 -> 145000
A27: A | B27: TOPLAM | E27: ='ÖN KAPAK'!G14 -> 145000
B28: Hakediş içeriğinden Yapılan Kesintiler
B29: a) Bir evvelki Hakedişten Yapılan Kesintiler
B30: b) Bu Hakedişten Yapılan Kesintiler | E30: 0
A31: B | B31: Toplam Kesinti Tutarı
A32: C | B32: Toplam Hakediş Tutarı : ( A - B ) | E32: =E27-E30 -> 145000
A34: YÜKLENİCİ | C34: KONTROLLER | E34: ONAY
A35: ='ÖN KAPAK'!G13 -> Hazır Beton Çimento Mak.San.ve Tic.Ltd.Şti. | C35: =--E3 -> #VALUE! | E35: xxx BELEDİYE BAŞKANI

Sheet HAKEDİŞ ÖZETİ
A2: HAKEDİŞ ÖZETİ
A3: ='ÖN KAPAK'!G10 -> 10 adet işyerinin Tesviye Beton Atımı 2 | J3: Sayfa No: 2
A5: Hak. No: | B5: Hakediş Tarihi | C5: Hakediş Tutarı (Kümülatif) (a) | D5: Bir Önceki Hakediş Tutarı (Kümülatif) (b) | E5: Uygulama Ayları Hakediş Tutarı c=a-b | F5: Avans Kesintisi (d) | G5: Uygulama Ayları Fiyat Farkına Esas Tutar An=c-d | H5: Dönem Fiyat Farkı Katsayısı Bx(Pn-1) | I5: Dönem Fiyat Farkı Tutarı F=AnxBx(Pn-1) | J5: Toplam Hakediş Tutarı c + F
A7: 1 | B7: ='ÖN KAPAK'!G6 -> 46188 | C7: ='ÖN KAPAK'!G14 -> 145000 | D7: 0 | E7: =C7-D7 -> 145000 | F7: 0 | G7: 0 | H7: 0 | I7: 0 | J7: =E7 -> 145000
A26: TOPLAM = | I26: =SUM(I7:I25) -> 0 | J26: =SUM(J7:J25) -> 145000
A28: YÜKLENİCİ | D28: KONTROLLER
A29: ='ÖN KAPAK'!G13 -> Hazır Beton Çimento Mak.San.ve Tic.Ltd.Şti. | D29: HALİS ERDOĞAN FEN İŞLERİ MÜDÜR V
D32: ONAY
D33: AHMET ARI (BELEDİYE BAŞKANI)

Sheet YAPILAN İŞLER LİSTESİ
J2: SAYFA NO : 3
B3: ='ÖN KAPAK'!G10 -> 10 adet işyerinin Tesviye Beton Atımı 2 | G3: Hakediş No:1
D6: A | E6: B | F6: C= (AxB) | G6: D | H6: E= (AxD) | I6: F= (B-D) | J6: G= (AxF)
B7: İş Programı Grubu % si | C7: Yapılan İş | D7: Sözleşme Bedeli | E7: Gerçekleşen Toplam İmalat % si | F7: Toplam İmalat Tutarı | G7: Önceki Hakediş Toplam İmalat % si | H7: Önceki Hakediş Toplam İmalat Tutarı | I7: Bu Hakediş İmalat % si | J7: Bu Hakediş İmalat Tutarı
B8: Tüm İşler
B9: MALZEME
B10: 1 | C10: Hazır Beton (C25) | D10: ='ÖN KAPAK'!G14 -> 145000 | E10: 100 | F10: =(D10*E10)/100 -> 145000 | G10: 0 | H10: =(D10*G10)/100 -> 0 | I10: =E10-G10 -> 100 | J10: =(D10*I10)/100 -> 145000
C11: TOPLAM | D11: =SUM(D10:D10) -> 145000 | F11: =SUM(F10:F10) -> 145000 | H11: =SUM(H10:H10) -> 0 | J11: =SUM(J10:J10) -> 145000
C12: KONTROLLER | I12: YÜKLENİCİ
C15: AHMET ARI BELEDİYE BAŞKANI ONAY | D15: HALİS ERDOĞAN FEN İŞLERİ MÜDÜR VEKİLİ | I15: ='ÖN KAPAK'!G13 -> Hazır Beton Çimento Mak.San.ve Tic.Ltd.Şti.

Sheet ARKA KAPAK
A1: HAKEDİŞ RAPORU
A2: İŞİN ADI: | D2: ='ÖN KAPAK'!G10 -> 10 adet işyerinin Tesviye Beton Atımı 2 | H2: Hakediş No :1
A3: ='ÖN KAPAK'!G18 -> 46181 | C3: İLE | D3: ='ÖN KAPAK'!G22 -> 46182 | E3: TARİHİNE KADAR YAPILAN İŞİN / HİZMETİN
A4: A | B4: Sözleşme Fiyatları İle Yapılan İş / Hizmet Tutarı | F4: ='YAPILAN İŞLER LİSTESİ'!F11 -> 145000 | I4: ¨
A5: B | B5: Fiyat Farkı Tutarı | F5: 0 | I5: ¨
A6: C | B6: Toplam Tutar ( A + B ) | F6: =F4+F5 -> 145000 | I6: ¨
A7: D | B7: Bir Önceki Hakedişin Toplam tutarı | F7: ='YAPILAN İŞLER LİSTESİ'!H11 -> 0 | I7: ¨
A8: E | B8: Bu Hakedişin Tutarı ( C - D ) | F8: =F6-F7 -> 145000 | I8: ¨
A9: F | B9: KDV ( E x %20) | F9: =ROUND(F8*20%,2) -> 29000 | I9: ¨
A10: G | B10: Tahakkuk Tutarı | F10: =F9+F8 -> 174000 | I10: ¨
B11: KESİNTİLER VE MAHSUPLAR | C11: a) Gelir / Kurumlar Vergisi ( E x %) | F11: 0 | I11: ¨
C12: b) Damga Vergisi ( E x 0,00948 ) | F12: =ROUND(F8*0.00948,2) -> 1374.6 | I12: ¨
C13: c) KDV Tevkifatı ( F x 3/10) | F13: 0 | I13: ¨
C14: d) Sosyal Sigortalar Kurumu Kesintisi | F14: 0 | I14: ¨
C15: e) İdare Makinesi Kiraları | F15: 0 | I15: ¨
C16: f) Gecikme Cezası | F16: 0 | I16: ¨
C17: g) Avans Mahsubu | F17: 0 | I17: ¨
C18: h) Bu Hakedişle Ödenen Fiyat Farkı Teminat Kesintisi | F18: 0 | I18: ¨
C19: i) Geçici Kabul Kesintisi (%3) | F19: 0 | I19: ¨
A20: H | B20: Kesintiler ve Mahsuplar Toplamı | F20: =F11+F12+F13+F14+F15+F16+F17+F18+F19 -> 1374.6 | I20: ¨
A21: I | B21: Yükleniciye Ödenecek Tutar ( G - H ) | F21: =F10-F20 -> 172625.4 | I21: ¨
A22: Yalnız:
A23: MÜTEAHHİT | D23: DÜZENLEYENLER
A24: ='ÖN KAPAK'!G13 -> Hazır Beton Çimento Mak.San.ve Tic.Ltd.Şti. | D24: Kontrol Üyesi | E24: Kontrol Üyesi | F24: ONAY
D25: HALİS ERDOĞAN FEN İŞLERİ MÜDÜR VEKİLİ | F25: AHMET ARI BELEDİYE BAŞKANI

Sheet SİGORTA POLİÇE FORMU
A1: BÜTÜN RİSKLER SİGORTA POLİÇELERİ
A2: KONTROL FORMU
A3: İşin Adı: | D3: GÜNEYYURT BELEDİYESİ, 205 Ada, 2 PARSEL İŞ MERKEZİ 2 VE 3. KAT KALIP VE DEMİR İŞÇİLİĞİ
A4: İdare Adı: | D4: GÜNEYYURT BELEDİYESİ
A5: Yüklenici Adı: | D5: YAKUP ÇENGEL İNŞAAT VE TAAHHÜT İŞLERİ
A6: Sözleşme Bedeli (iş artışı dahil): | D6: 3050000
A7: Sigorta Yapan Şirket: | D7: NEOVA SİGORTA - 10-3-0342085
A8: Sigorta Poliçe No: | D8: 261020276
A9: İşin Başlama Tarihi (Yer Teslim Tarihi): | D9: 45287
A10: İşin Son Bitim Tarihi : | D10: 45467
A11: Sigorta Başlangıç Tarihi: | D11: 45287
A12: İşin Teminat Süresi: | D12: 180 GÜN
A13: Bakım/İşletme Dönemi Bitim Tarihi: | D13: 45467
A15: SİGORTA TUTARI KONTROL CETVELİ
A17: Hakediş No | B17: Hakediş Tarihi | C17: Toplam Hakediş Tutarı (KDV Hariç)(TL) | D17: Toplam Fiyat Farkı(TL) | E17: Varsa İdare Malı Tutarı (KDV hariç)(TL) | F17: Sigortalanması Gereken Tutar (KDV hariç)(TL) | G17: Sigorta Poliçe Tutarı (TL) | H17: Sigorta Bakiyesi (TL)
C18: (A) | D18: (B) | E18: ( C ) | F18: D=A+B+C | G18: ( E ) | H18: F=E-D
A19: 1 | B19: 45289 | C19: ='YAPILAN İŞLER LİSTESİ'!F11 -> 145000 | D19: 0 | E19: 0 | F19: =C19+D19+E19 -> 145000 | G19: 3050000 | H19: =G19-F19 -> 2905000
A29: Yapılan incelemede Sigorta Poliçesinde, idarenin işveren sıfatıyla,yüklenicinin işi gerçekleştiren sıfatıyla yer aldığı varsa altyüklenicinin vereceği zararların teminat kapsamında dahil edildiği, üçüncü kişilerin kendilerine veya mallarına zarar vermesi ihtimaline karşı mali mesuliyet sigortasının yaptırıldığı süre ve muafiyetler ile sigortaya esas alınacak bedeller yönünden şartname hükümlerine ve/veya sigorta mevzuatına uygun olduğu;
A33: Ayrıca sigorta PRİM ödendiği ve sigortanın, yürürlükte olduğuna ilişkin belgenin ekte ve uygun olduğu tespit edilmiştir.
A35: KONTROL | E35: ONAY | G35: YÜKLENİCİ
A37: HALİS ERDOĞAN FEN İŞLERİ MÜDÜR VEKİLİ | C37: HASAN EROĞLU ELEKTRİK TEKNİKERİ | E37: AHMET ARI BELEDİYE BAŞKANI | G37: ='ÖN KAPAK'!G13 -> Hazır Beton Çimento Mak.San.ve Tic.Ltd.Şti.

Sheet DENGELEME CETVELİ
A1: HAKEDİŞ DENGELEME CETVELİ
A2: GÜNEYYURT BELEDİYESİ, 205 Ada, 2 PARSEL İŞ MERKEZİ 2 VE 3. KAT KALIP VE DEMİR İŞÇİLİĞİ
A3: HAKEDİŞ NO | B3: HAKEDİŞ TARİHİ | C3: HAKEDİŞ TUTARI %3 KESİNTİSİZ | D3: GEÇİCİ KABULDE ÖDENECEK | E3: HAKEDİŞ TUTARI (%3 KESİNTİLİ) | F3: HAKEDİŞ TUTARI (%3 KESİNTİSİZ) | G3: HAKEDİŞ TUTARI (%3 KESİNTİLİ) | H3: KDV (%20) | I3: TOPLAM HAKEDİŞ | J3: KESİNTİLER TOPLAMI | K3: CEZA | L3: KESİNTİ TOPLAMI | M3: NET ÖDEME TUTARI
D5: TUTAR %3 | E5: (A) | F5: KÜMÜLATİF | G5: KÜMÜLATİF | H5: B | I5: C=(A+B) | J5: D
A6: 1 | B6: 45289 | C6: ='YAPILAN İŞLER LİSTESİ'!F11 -> 145000 | D6: =(C6*0.03) -> 4350 | E6: =C6-D6 -> 140650 | F6: =C6 -> 145000 | G6: =E6 -> 140650 | H6: =F6*0.2 -> 29000 | I6: =C6+H6 -> 174000 | J6: ='ARKA KAPAK'!F20 -> 1374.6 | M6: =I6-J6 -> 172625.4
A26: TOPLAM | C26: =SUM(C6:C25) -> 145000 | D26: =SUM(D6:D25) -> 4350 | E26: =SUM(E6:E25) -> 140650 | F26: =SUM(F6:F25) -> 145000 | G26: =SUM(G6:G25) -> 140650 | H26: =SUM(H6:H25) -> 29000 | I26: =SUM(I6:I25) -> 174000 | J26: =SUM(J6:J25) -> 1374.6 | ... M26: =SUM(M6:M25) -> 172625.4
A28: KONTROL | H28: ONAY | K28: YÜKLENİCİ
A29: HALİS ERDOĞAN FEN İŞLERİ MÜDÜR VEKİLİ | H29: AHMET ARI BELEDİYE BAŞKANI | K29: ='ÖN KAPAK'!G13 -> Hazır Beton Çimento Mak.San.ve Tic.Ltd.Şti.
